[{"id":4,"name":"Afganisztán","alpha2":"af","alpha3":"afg"},
{"id":248,"name":"Åland","alpha2":"ax","alpha3":"ala"},
{"id":8,"name":"Albánia","alpha2":"al","alpha3":"alb"},
{"id":12,"name":"Algéria","alpha2":"dz","alpha3":"dza"},
{"id":581,"name":"Amerikai Csendes-óceáni szigetek","alpha2":"um","alpha3":"umi"},
{"id":840,"name":"Amerikai Egyesült Államok","alpha2":"us","alpha3":"usa"},
{"id":16,"name":"Amerikai Szamoa","alpha2":"as","alpha3":"asm"},
{"id":850,"name":"Amerikai Virgin-szigetek","alpha2":"vi","alpha3":"vir"},
{"id":20,"name":"Andorra","alpha2":"ad","alpha3":"and"},
{"id":24,"name":"Angola","alpha2":"ao","alpha3":"ago"},
{"id":660,"name":"Anguilla","alpha2":"ai","alpha3":"aia"},
{"id":10,"name":"Antarktisz","alpha2":"aq","alpha3":"ata"},
{"id":28,"name":"Antigua és Barbuda","alpha2":"ag","alpha3":"atg"},
{"id":32,"name":"Argentína","alpha2":"ar","alpha3":"arg"},
{"id":533,"name":"Aruba","alpha2":"aw","alpha3":"abw"},
{"id":36,"name":"Ausztrália","alpha2":"au","alpha3":"aus"},
{"id":40,"name":"Ausztria","alpha2":"at","alpha3":"aut"},
{"id":31,"name":"Azerbajdzsán","alpha2":"az","alpha3":"aze"},
{"id":44,"name":"Bahama-szigetek","alpha2":"bs","alpha3":"bhs"},
{"id":48,"name":"Bahrein","alpha2":"bh","alpha3":"bhr"},
{"id":50,"name":"Banglades","alpha2":"bd","alpha3":"bgd"},
{"id":52,"name":"Barbados","alpha2":"bb","alpha3":"brb"},
{"id":56,"name":"Belgium","alpha2":"be","alpha3":"bel"},
{"id":84,"name":"Belize","alpha2":"bz","alpha3":"blz"},
{"id":204,"name":"Benin","alpha2":"bj","alpha3":"ben"},
{"id":60,"name":"Bermuda","alpha2":"bm","alpha3":"bmu"},
{"id":64,"name":"Bhután","alpha2":"bt","alpha3":"btn"},
{"id":624,"name":"Bissau-Guinea","alpha2":"gw","alpha3":"gnb"},
{"id":68,"name":"Bolívia","alpha2":"bo","alpha3":"bol"},
{"id":70,"name":"Bosznia-Hercegovina","alpha2":"ba","alpha3":"bih"},
{"id":72,"name":"Botswana","alpha2":"bw","alpha3":"bwa"},
{"id":74,"name":"Bouvet-sziget","alpha2":"bv","alpha3":"bvt"},
{"id":76,"name":"Brazília","alpha2":"br","alpha3":"bra"},
{"id":86,"name":"Brit Indiai-óceáni Terület","alpha2":"io","alpha3":"iot"},
{"id":92,"name":"Brit Virgin-szigetek","alpha2":"vg","alpha3":"vgb"},
{"id":96,"name":"Brunei","alpha2":"bn","alpha3":"brn"},
{"id":100,"name":"Bulgária","alpha2":"bg","alpha3":"bgr"},
{"id":854,"name":"Burkina Faso","alpha2":"bf","alpha3":"bfa"},
{"id":108,"name":"Burundi","alpha2":"bi","alpha3":"bdi"},
{"id":152,"name":"Chile","alpha2":"cl","alpha3":"chl"},
{"id":196,"name":"Ciprus","alpha2":"cy","alpha3":"cyp"},
{"id":174,"name":"Comore-szigetek","alpha2":"km","alpha3":"com"},
{"id":184,"name":"Cook-szigetek","alpha2":"ck","alpha3":"cok"},
{"id":188,"name":"Costa Rica","alpha2":"cr","alpha3":"cri"},
{"id":531,"name":"Curaçao","alpha2":"cw","alpha3":"cuw"},
{"id":148,"name":"Csád","alpha2":"td","alpha3":"tcd"},
{"id":203,"name":"Csehország","alpha2":"cz","alpha3":"cze"},
{"id":208,"name":"Dánia","alpha2":"dk","alpha3":"dnk"},
{"id":710,"name":"Dél-afrikai Köztársaság","alpha2":"za","alpha3":"zaf"},
{"id":239,"name":"Déli-Georgia és Déli-Sandwich-szigetek","alpha2":"gs","alpha3":"sgs"},
{"id":728,"name":"Dél-Szudán","alpha2":"ss","alpha3":"ssd"},
{"id":410,"name":"Dél-Korea (Koreai Köztársaság)","alpha2":"kr","alpha3":"kor"},
{"id":212,"name":"Dominikai Közösség","alpha2":"dm","alpha3":"dma"},
{"id":214,"name":"Dominikai Köztársaság","alpha2":"do","alpha3":"dom"},
{"id":262,"name":"Dzsibuti","alpha2":"dj","alpha3":"dji"},
{"id":218,"name":"Ecuador","alpha2":"ec","alpha3":"ecu"},
{"id":226,"name":"Egyenlítői-Guinea","alpha2":"gq","alpha3":"gnq"},
{"id":784,"name":"Egyesült Arab Emírségek","alpha2":"ae","alpha3":"are"},
{"id":826,"name":"Egyesült Királyság","alpha2":"gb","alpha3":"gbr"},
{"id":818,"name":"Egyiptom","alpha2":"eg","alpha3":"egy"},
{"id":384,"name":"Elefántcsontpart","alpha2":"ci","alpha3":"civ"},
{"id":222,"name":"Salvador","alpha2":"sv","alpha3":"slv"},
{"id":232,"name":"Eritrea","alpha2":"er","alpha3":"eri"},
{"id":580,"name":"Északi-Mariana-szigetek","alpha2":"mp","alpha3":"mnp"},
{"id":408,"name":"Észak-Korea (Koreai NDK)","alpha2":"kp","alpha3":"prk"},
{"id":233,"name":"Észtország","alpha2":"ee","alpha3":"est"},
{"id":231,"name":"Etiópia","alpha2":"et","alpha3":"eth"},
{"id":238,"name":"Falkland-szigetek","alpha2":"fk","alpha3":"flk"},
{"id":112,"name":"Fehéroroszország","alpha2":"by","alpha3":"blr"},
{"id":234,"name":"Feröer","alpha2":"fo","alpha3":"fro"},
{"id":242,"name":"Fidzsi","alpha2":"fj","alpha3":"fji"},
{"id":246,"name":"Finnország","alpha2":"fi","alpha3":"fin"},
{"id":260,"name":"Francia déli és antarktiszi területek","alpha2":"tf","alpha3":"atf"},
{"id":254,"name":"Francia Guyana Francia Guyana","alpha2":"gf","alpha3":"guf"},
{"id":250,"name":"Franciaország","alpha2":"fr","alpha3":"fra"},
{"id":258,"name":"Francia Polinézia","alpha2":"pf","alpha3":"pyf"},
{"id":608,"name":"Fülöp-szigetek","alpha2":"ph","alpha3":"phl"},
{"id":266,"name":"Gabon","alpha2":"ga","alpha3":"gab"},
{"id":270,"name":"Gambia","alpha2":"gm","alpha3":"gmb"},
{"id":288,"name":"Ghána","alpha2":"gh","alpha3":"gha"},
{"id":292,"name":"Gibraltár","alpha2":"gi","alpha3":"gib"},
{"id":300,"name":"Görögország","alpha2":"gr","alpha3":"grc"},
{"id":308,"name":"Grenada","alpha2":"gd","alpha3":"grd"},
{"id":304,"name":"Grönland","alpha2":"gl","alpha3":"grl"},
{"id":268,"name":"Grúzia","alpha2":"ge","alpha3":"geo"},
{"id":312,"name":"Guadeloupe","alpha2":"gp","alpha3":"glp"},
{"id":316,"name":"Guam","alpha2":"gu","alpha3":"gum"},
{"id":320,"name":"Guatemala","alpha2":"gt","alpha3":"gtm"},
{"id":831,"name":"Guernsey","alpha2":"gg","alpha3":"ggy"},
{"id":324,"name":"Guinea","alpha2":"gn","alpha3":"gin"},
{"id":328,"name":"Guyana","alpha2":"gy","alpha3":"guy"},
{"id":332,"name":"Haiti","alpha2":"ht","alpha3":"hti"},
{"id":334,"name":"Heard-sziget és McDonald-szigetek","alpha2":"hm","alpha3":"hmd"},
{"id":528,"name":"Hollandia","alpha2":"nl","alpha3":"nld"},
{"id":340,"name":"Honduras","alpha2":"hn","alpha3":"hnd"},
{"id":344,"name":"Hongkong","alpha2":"hk","alpha3":"hkg"},
{"id":191,"name":"Horvátország","alpha2":"hr","alpha3":"hrv"},
{"id":356,"name":"India","alpha2":"in","alpha3":"ind"},
{"id":360,"name":"Indonézia","alpha2":"id","alpha3":"idn"},
{"id":368,"name":"Irak","alpha2":"iq","alpha3":"irq"},
{"id":364,"name":"Irán","alpha2":"ir","alpha3":"irn"},
{"id":372,"name":"Írország","alpha2":"ie","alpha3":"irl"},
{"id":352,"name":"Izland","alpha2":"is","alpha3":"isl"},
{"id":376,"name":"Izrael","alpha2":"il","alpha3":"isr"},
{"id":388,"name":"Jamaica","alpha2":"jm","alpha3":"jam"},
{"id":392,"name":"Japán","alpha2":"jp","alpha3":"jpn"},
{"id":887,"name":"Jemen","alpha2":"ye","alpha3":"yem"},
{"id":832,"name":"Jersey","alpha2":"je","alpha3":"jey"},
{"id":400,"name":"Jordánia","alpha2":"jo","alpha3":"jor"},
{"id":136,"name":"Kajmán-szigetek","alpha2":"ky","alpha3":"cym"},
{"id":116,"name":"Kambodzsa","alpha2":"kh","alpha3":"khm"},
{"id":120,"name":"Kamerun","alpha2":"cm","alpha3":"cmr"},
{"id":124,"name":"Kanada","alpha2":"ca","alpha3":"can"},
{"id":162,"name":"Karácsony-sziget","alpha2":"cx","alpha3":"cxr"},
{"id":535,"name":"Karibi Hollandia (Bonaire, Saba, Sint Eustatius)","alpha2":"bq","alpha3":"bes"},
{"id":634,"name":"Katar","alpha2":"qa","alpha3":"qat"},
{"id":398,"name":"Kazahsztán","alpha2":"kz","alpha3":"kaz"},
{"id":626,"name":"Kelet-Timor","alpha2":"tl","alpha3":"tls"},
{"id":404,"name":"Kenya","alpha2":"ke","alpha3":"ken"},
{"id":156,"name":"Kína","alpha2":"cn","alpha3":"chn"},
{"id":417,"name":"Kirgizisztán","alpha2":"kg","alpha3":"kgz"},
{"id":296,"name":"Kiribati","alpha2":"ki","alpha3":"kir"},
{"id":166,"name":"Kókusz (Keeling)-szigetek","alpha2":"cc","alpha3":"cck"},
{"id":170,"name":"Kolumbia","alpha2":"co","alpha3":"col"},
{"id":180,"name":"Kongói Demokratikus Köztársaság (Zaire)","alpha2":"cd","alpha3":"cod"},
{"id":178,"name":"Kongói Köztársaság (Kongó)","alpha2":"cg","alpha3":"cog"},
{"id":140,"name":"Közép-Afrika","alpha2":"cf","alpha3":"caf"},
{"id":192,"name":"Kuba","alpha2":"cu","alpha3":"cub"},
{"id":414,"name":"Kuvait","alpha2":"kw","alpha3":"kwt"},
{"id":418,"name":"Laosz","alpha2":"la","alpha3":"lao"},
{"id":616,"name":"Lengyelország","alpha2":"pl","alpha3":"pol"},
{"id":426,"name":"Lesotho","alpha2":"ls","alpha3":"lso"},
{"id":428,"name":"Lettország","alpha2":"lv","alpha3":"lva"},
{"id":422,"name":"Libanon","alpha2":"lb","alpha3":"lbn"},
{"id":430,"name":"Libéria","alpha2":"lr","alpha3":"lbr"},
{"id":434,"name":"Líbia","alpha2":"ly","alpha3":"lby"},
{"id":438,"name":"Liechtenstein","alpha2":"li","alpha3":"lie"},
{"id":440,"name":"Litvánia","alpha2":"lt","alpha3":"ltu"},
{"id":442,"name":"Luxemburg","alpha2":"lu","alpha3":"lux"},
{"id":807,"name":"Macedónia","alpha2":"mk","alpha3":"mkd"},
{"id":450,"name":"Madagaszkár","alpha2":"mg","alpha3":"mdg"},
{"id":348,"name":"Magyarország","alpha2":"hu","alpha3":"hun"},
{"id":446,"name":"Makaó","alpha2":"mo","alpha3":"mac"},
{"id":458,"name":"Malajzia","alpha2":"my","alpha3":"mys"},
{"id":454,"name":"Malawi","alpha2":"mw","alpha3":"mwi"},
{"id":462,"name":"Maldív-szigetek","alpha2":"mv","alpha3":"mdv"},
{"id":466,"name":"Mali","alpha2":"ml","alpha3":"mli"},
{"id":470,"name":"Málta","alpha2":"mt","alpha3":"mlt"},
{"id":833,"name":"Man","alpha2":"im","alpha3":"imn"},
{"id":504,"name":"Marokkó","alpha2":"ma","alpha3":"mar"},
{"id":584,"name":"Marshall-szigetek","alpha2":"mh","alpha3":"mhl"},
{"id":474,"name":"Martinique","alpha2":"mq","alpha3":"mtq"},
{"id":478,"name":"Mauritánia","alpha2":"mr","alpha3":"mrt"},
{"id":480,"name":"Mauritius","alpha2":"mu","alpha3":"mus"},
{"id":175,"name":"Mayotte","alpha2":"yt","alpha3":"myt"},
{"id":484,"name":"Mexikó","alpha2":"mx","alpha3":"mex"},
{"id":104,"name":"Mianmar","alpha2":"mm","alpha3":"mmr"},
{"id":583,"name":"Mikronézia","alpha2":"fm","alpha3":"fsm"},
{"id":498,"name":"Moldova","alpha2":"md","alpha3":"mda"},
{"id":492,"name":"Monaco","alpha2":"mc","alpha3":"mco"},
{"id":496,"name":"Mongólia","alpha2":"mn","alpha3":"mng"},
{"id":499,"name":"Montenegró","alpha2":"me","alpha3":"mne"},
{"id":500,"name":"Montserrat","alpha2":"ms","alpha3":"msr"},
{"id":508,"name":"Mozambik","alpha2":"mz","alpha3":"moz"},
{"id":516,"name":"Namíbia","alpha2":"na","alpha3":"nam"},
{"id":520,"name":"Nauru","alpha2":"nr","alpha3":"nru"},
{"id":276,"name":"Németország","alpha2":"de","alpha3":"deu"},
{"id":524,"name":"Nepál","alpha2":"np","alpha3":"npl"},
{"id":558,"name":"Nicaragua","alpha2":"ni","alpha3":"nic"},
{"id":562,"name":"Niger","alpha2":"ne","alpha3":"ner"},
{"id":566,"name":"Nigéria","alpha2":"ng","alpha3":"nga"},
{"id":570,"name":"Niue","alpha2":"nu","alpha3":"niu"},
{"id":574,"name":"Norfolk-sziget","alpha2":"nf","alpha3":"nfk"},
{"id":578,"name":"Norvégia","alpha2":"no","alpha3":"nor"},
{"id":732,"name":"Nyugat-Szahara","alpha2":"eh","alpha3":"esh"},
{"id":380,"name":"Olaszország","alpha2":"it","alpha3":"ita"},
{"id":512,"name":"Omán","alpha2":"om","alpha3":"omn"},
{"id":643,"name":"Oroszország","alpha2":"ru","alpha3":"rus"},
{"id":51,"name":"Örményország","alpha2":"am","alpha3":"arm"},
{"id":586,"name":"Pakisztán","alpha2":"pk","alpha3":"pak"},
{"id":585,"name":"Palau","alpha2":"pw","alpha3":"plw"},
{"id":275,"name":"Palesztina","alpha2":"ps","alpha3":"pse"},
{"id":591,"name":"Panama","alpha2":"pa","alpha3":"pan"},
{"id":598,"name":"Pápua Új-Guinea","alpha2":"pg","alpha3":"png"},
{"id":600,"name":"Paraguay","alpha2":"py","alpha3":"pry"},
{"id":604,"name":"Peru","alpha2":"pe","alpha3":"per"},
{"id":612,"name":"Pitcairn-szigetek","alpha2":"pn","alpha3":"pcn"},
{"id":620,"name":"Portugália","alpha2":"pt","alpha3":"prt"},
{"id":630,"name":"Puerto Rico","alpha2":"pr","alpha3":"pri"},
{"id":638,"name":"Réunion","alpha2":"re","alpha3":"reu"},
{"id":642,"name":"Románia","alpha2":"ro","alpha3":"rou"},
{"id":646,"name":"Ruanda","alpha2":"rw","alpha3":"rwa"},
{"id":652,"name":"Saint-Barthélemy","alpha2":"bl","alpha3":"blm"},
{"id":659,"name":"Saint Kitts és Nevis","alpha2":"kn","alpha3":"kna"},
{"id":662,"name":"Saint Lucia","alpha2":"lc","alpha3":"lca"},
{"id":663,"name":"Saint-Martin","alpha2":"mf","alpha3":"maf"},
{"id":666,"name":"Saint-Pierre és Miquelon","alpha2":"pm","alpha3":"spm"},
{"id":670,"name":"Saint Vincent és a Grenadine-szigetek","alpha2":"vc","alpha3":"vct"},
{"id":90,"name":"Salamon-szigetek","alpha2":"sb","alpha3":"slb"},
{"id":674,"name":"San Marino","alpha2":"sm","alpha3":"smr"},
{"id":678,"name":"São Tomé és Príncipe","alpha2":"st","alpha3":"stp"},
{"id":690,"name":"Seychelle-szigetek","alpha2":"sc","alpha3":"syc"},
{"id":694,"name":"Sierra Leone","alpha2":"sl","alpha3":"sle"},
{"id":534,"name":"Sint Maarten","alpha2":"sx","alpha3":"sxm"},
{"id":724,"name":"Spanyolország","alpha2":"es","alpha3":"esp"},
{"id":744,"name":"Spitzbergák és Jan Mayen-sziget","alpha2":"sj","alpha3":"sjm"},
{"id":144,"name":"Srí Lanka","alpha2":"lk","alpha3":"lka"},
{"id":740,"name":"Suriname","alpha2":"sr","alpha3":"sur"},
{"id":756,"name":"Svájc","alpha2":"ch","alpha3":"che"},
{"id":752,"name":"Svédország","alpha2":"se","alpha3":"swe"},
{"id":882,"name":"Szamoa","alpha2":"ws","alpha3":"wsm"},
{"id":682,"name":"Szaúd-Arábia","alpha2":"sa","alpha3":"sau"},
{"id":686,"name":"Szenegál","alpha2":"sn","alpha3":"sen"},
{"id":654,"name":"Szent Ilona","alpha2":"sh","alpha3":"shn"},
{"id":688,"name":"Szerbia","alpha2":"rs","alpha3":"srb"},
{"id":702,"name":"Szingapúr","alpha2":"sg","alpha3":"sgp"},
{"id":760,"name":"Szíria","alpha2":"sy","alpha3":"syr"},
{"id":703,"name":"Szlovákia","alpha2":"sk","alpha3":"svk"},
{"id":705,"name":"Szlovénia","alpha2":"si","alpha3":"svn"},
{"id":706,"name":"Szomália","alpha2":"so","alpha3":"som"},
{"id":"729","name":"Szudán","alpha2":"sd","alpha3":"sdn"},
{"id":748,"name":"Szváziföld","alpha2":"sz","alpha3":"swz"},
{"id":762,"name":"Tádzsikisztán","alpha2":"tj","alpha3":"tjk"},
{"id":158,"name":"Tajvan","alpha2":"tw","alpha3":"twn"},
{"id":834,"name":"Tanzánia","alpha2":"tz","alpha3":"tza"},
{"id":764,"name":"Thaiföld","alpha2":"th","alpha3":"tha"},
{"id":768,"name":"Togo","alpha2":"tg","alpha3":"tgo"},
{"id":772,"name":"Tokelau-szigetek","alpha2":"tk","alpha3":"tkl"},
{"id":776,"name":"Tonga","alpha2":"to","alpha3":"ton"},
{"id":792,"name":"Törökország","alpha2":"tr","alpha3":"tur"},
{"id":780,"name":"Trinidad és Tobago","alpha2":"tt","alpha3":"tto"},
{"id":788,"name":"Tunézia","alpha2":"tn","alpha3":"tun"},
{"id":796,"name":"Turks- és Caicos-szigetek","alpha2":"tc","alpha3":"tca"},
{"id":798,"name":"Tuvalu","alpha2":"tv","alpha3":"tuv"},
{"id":795,"name":"Türkmenisztán","alpha2":"tm","alpha3":"tkm"},
{"id":800,"name":"Uganda","alpha2":"ug","alpha3":"uga"},
{"id":540,"name":"Új-Kaledónia","alpha2":"nc","alpha3":"ncl"},
{"id":554,"name":"Új-Zéland","alpha2":"nz","alpha3":"nzl"},
{"id":804,"name":"Ukrajna","alpha2":"ua","alpha3":"ukr"},
{"id":858,"name":"Uruguay","alpha2":"uy","alpha3":"ury"},
{"id":860,"name":"Üzbegisztán","alpha2":"uz","alpha3":"uzb"},
{"id":548,"name":"Vanuatu","alpha2":"vu","alpha3":"vut"},
{"id":336,"name":"Vatikán","alpha2":"va","alpha3":"vat"},
{"id":862,"name":"Venezuela","alpha2":"ve","alpha3":"ven"},
{"id":704,"name":"Vietnam","alpha2":"vn","alpha3":"vnm"},
{"id":876,"name":"Wallis és Futuna","alpha2":"wf","alpha3":"wlf"},
{"id":894,"name":"Zambia","alpha2":"zm","alpha3":"zmb"},
{"id":716,"name":"Zimbabwe","alpha2":"zw","alpha3":"zwe"},
{"id":132,"name":"Zöld-foki Köztársaság","alpha2":"cv","alpha3":"cpv"}]